label,distance_A,E_dimer_Ha,E_benzene_raw_Ha,E_water_raw_Ha,E_benzene_CP_Ha,E_water_CP_Ha,E_int_raw_Ha,E_int_raw_kcal_mol,E_int_CP_Ha,E_int_CP_kcal_mol,status
Geometry 1,0.9,-308.46858759097984,-232.07344447799753,-76.38786028609819,-232.07385333247575,-76.3901962047845,-0.007282826884122073,-4.5700428672885005,-0.004538053719585378,-2.8476717025607634,ok
Geometry 2,0.95,-308.46900437005627,-232.07344447799753,-76.38786028611544,-232.07382179843998,-76.3896410824298,-0.007699605943301435,-4.831575675488357,-0.0055414891864842275,-3.4773369645874053,ok
Geometry 3,1.0,-308.46880395871653,-232.07344447799753,-76.38786028613683,-232.07377872444368,-76.38918491678854,-0.007499194582180735,-4.705815647687882,-0.005840317484313573,-3.6648545525746132,ok
Geometry 4,1.05,-308.46829253617653,-232.07344447799753,-76.38786028610295,-232.07373035661894,-76.38882054109507,-0.006987772076058718,-4.3848931798794935,-0.005741638462524179,-3.602932531516716,ok
Geometry 5,1.1,-308.4676529758743,-232.07344447799753,-76.38786028611224,-232.0736846851306,-76.38853903882793,-0.006348211764503731,-3.9835630251843477,-0.00542925191575705,-3.4069070138701982,ok
Geometry 6,1.25,-308.46579178582374,-232.07344447799753,-76.38786028611489,-232.07359700047803,-76.38806613482444,-0.004487021711327088,-2.8156486339014406,-0.0041286505212667635,-2.5907673169299326,ok
Geometry 7,1.5,-308.4638191717536,-232.07344447799753,-76.38786028609688,-232.0735397476627,-76.38787846659261,-0.002514407659177209,-1.5778146276318616,-0.0024009574982812865,-1.5066235768428458,ok
Geometry 8,2.0,-308.4622074239542,-232.07344447799753,-76.3878602861204,-232.07345460959596,-76.38786015519035,-0.0009026598362993354,-0.566427599077122,-0.0008926591679170315,-0.5601520849208941,ok
