label,distance_A,E_dimer_Ha,E_benzene_raw_Ha,E_water_raw_Ha,E_benzene_CP_Ha,E_water_CP_Ha,E_int_raw_Ha,E_int_raw_kcal_mol,E_int_CP_Ha,E_int_CP_kcal_mol,status
Geometry 1,0.9,-308.5246628955832,-232.10546774114,-76.41295336878729,-232.10560287281726,-76.41447813895238,-0.006241785655944909,-3.9167796337827347,-0.004581883813585819,-2.875175501792351,ok
Geometry 2,0.95,-308.5252052768446,-232.10546774114,-76.41295336880239,-232.10558997587043,-76.41427293360043,-0.006784166902207289,-4.257129004332305,-0.005342367373728507,-3.3523861406031368,ok
Geometry 3,1.0,-308.5251121825907,-232.10546774114,-76.41295336882199,-232.1055793394611,-76.41407281751395,-0.006691072628726147,-4.198711465747741,-0.005460025615661834,-3.4262178021104837,ok
Geometry 4,1.05,-308.52468284073115,-232.10546774114,-76.41295336878801,-232.10557052035912,-76.41388159095104,-0.006261730803146293,-3.929295402611927,-0.0052307294209867905,-3.2823322675997453,ok
Geometry 5,1.1,-308.52410333072606,-232.10546774114,-76.41295336879678,-232.10556223258897,-76.41370479609348,-0.005682220789296366,-3.5656473786432272,-0.004836302043614182,-3.03482535149346,ok
Geometry 6,1.25,-308.52235481842814,-232.10546774114,-76.41295336880373,-232.10553136362006,-76.41329533323875,-0.003933708484424869,-2.468439341930787,-0.003528121569331688,-2.213929710179382,ok
Geometry 7,1.5,-308.5205168448243,-232.10546774114,-76.4129533687844,-232.10550199596855,-76.41300589287178,-0.002095734899882018,-1.3150935046684076,-0.0020089559839391313,-1.2606389127707966,ok
Geometry 8,2.0,-308.51915541497254,-232.10546774114,-76.41295336880974,-232.10548115126966,-76.4129504831142,-0.0007343050228172388,-0.4607833586236035,-0.0007237805886859405,-0.4541791764977249,ok
