label,distance_A,E_dimer_Ha,E_benzene_raw_Ha,E_water_raw_Ha,E_benzene_CP_Ha,E_water_CP_Ha,E_int_raw_Ha,E_int_raw_kcal_mol,E_int_CP_Ha,E_int_CP_kcal_mol,status
Geometry 1,0.9,-308.68835875264904,-232.24358870476317,-76.43979939135177,-232.24376852738163,-76.43992575430103,-0.004970656534098339,-3.1191340671467116,-0.004664470966375234,-2.9269997225983944,ok
Geometry 2,0.95,-308.6891129653427,-232.24358870476317,-76.43979939146239,-232.24374983404746,-76.43991048767646,-0.005724869117145204,-3.592409608418631,-0.005452643618781394,-3.421585529130969,ok
Geometry 3,1.0,-308.68921429430117,-232.24358870476317,-76.43979939157083,-232.24373676401203,-76.43989667407091,-0.0058261979671669906,-3.6559944217968274,-0.005580856218230679,-3.5020401499715623,ok
Geometry 4,1.05,-308.68894507079864,-232.24358870476317,-76.43979939136581,-232.24371824812903,-76.43988267472501,-0.005556974669659098,-3.4870542519891043,-0.005344147944597921,-3.3535034656928224,ok
Geometry 5,1.1,-308.6884984179958,-232.24358870476317,-76.43979939139888,-232.2437020351611,-76.43986962725752,-0.005110321833740272,-3.2067753658610734,-0.00492675557715927,-3.0915858007497796,ok
Geometry 6,1.25,-308.6870277283471,-232.24358870476317,-76.43979939146644,-232.24367085075593,-76.43983960176665,-0.0036396321175118374,-2.2839036356133593,-0.0035172758245352043,-2.207123902567002,ok
Geometry 7,1.5,-308.6854068696804,-232.24358870476317,-76.43979939099623,-232.2436307281552,-76.43981504671203,-0.0020187739209802658,-1.266799761279244,-0.0019610948131401074,-1.230605574657677,ok
Geometry 8,2.0,-308.6841119015536,-232.24358870476317,-76.43979939149376,-232.24361604608885,-76.43980380449435,-0.0007238052966584974,-0.4541946809845876,-0.0006920509704002598,-0.43426854041705654,ok
