label,distance_A,E_dimer_Ha,E_benzene_raw_Ha,E_water_raw_Ha,E_benzene_CP_Ha,E_water_CP_Ha,E_int_raw_Ha,E_int_raw_kcal_mol,E_int_CP_Ha,E_int_CP_kcal_mol,status
Geometry 1,0.9,-308.49785963518644,-232.1029498103109,-76.388648825567,-232.1032709167156,-76.3905064135814,-0.006260999308551618,-3.9288363828235893,-0.004082304889450938,-2.561684993886986,ok
Geometry 2,0.95,-308.4983204968392,-232.1029498103109,-76.38864882558423,-232.10323944529955,-76.39004381289259,-0.006721860944082891,-4.218031425322598,-0.005037238647062736,-3.160914973830809,ok
Geometry 3,1.0,-308.49819574446974,-232.1029498103109,-76.38864882560561,-232.10319726641976,-76.38967143000976,-0.006597108553236808,-4.13974811816253,-0.005327048040228988,-3.342773113696823,ok
Geometry 4,1.05,-308.4977745365143,-232.1029498103109,-76.3886488255718,-232.10314849311825,-76.38937948906691,-0.006175900631632203,-3.875436156831791,-0.005246554329161768,-3.2922625474047233,ok
Geometry 5,1.1,-308.49722795050207,-232.1029498103109,-76.38864882558104,-232.10310074534186,-76.38915788630028,-0.0056293146101324965,-3.532448249984758,-0.0049693188599206906,-3.118294663927112,ok
Geometry 6,1.25,-308.49561006004524,-232.1029498103109,-76.38864882558357,-232.10300530664145,-76.388796569753,-0.004011424150775156,-2.5172066588438144,-0.0038081836507899425,-2.3896713196025963,ok
Geometry 7,1.5,-308.49388812797906,-232.1029498103109,-76.38864882556565,-232.10296384887516,-76.38866136057646,-0.00228949210251983,-1.4366779849793725,-0.0022629185274354313,-1.4200028148558619,ok
Geometry 8,2.0,-308.4924549112323,-232.1029498103109,-76.3886488255892,-232.1029502659262,-76.38864868854563,-0.0008562753322109984,-0.5373208833148988,-0.0008559567604606855,-0.5371209765234287,ok
