label,distance_A,E_dimer_Ha,E_benzene_raw_Ha,E_water_raw_Ha,E_benzene_CP_Ha,E_water_CP_Ha,E_int_raw_Ha,E_int_raw_kcal_mol,E_int_CP_Ha,E_int_CP_kcal_mol,status
Geometry 1,0.9,-308.6253534583143,-232.2087633858664,-76.40930883538618,-232.2091927579726,-76.41174612116185,-0.00728123706170436,-4.569045238659408,-0.004414579179837119,-2.770190259070942,ok
Geometry 2,0.95,-308.6257785993165,-232.2087633858664,-76.40930883540351,-232.20916019245712,-76.41116666075318,-0.007706378046592022,-4.835825234462106,-0.005451746106203359,-3.4210223314852177,ok
Geometry 3,1.0,-308.6255805519859,-232.2087633858664,-76.40930883542472,-232.20911576092843,-76.4106914501028,-0.007508330694747656,-4.711548644879156,-0.00577334095464721,-3.6228261456733284,ok
Geometry 4,1.05,-308.6250672599296,-232.2087633858664,-76.40930883539102,-232.20906594092253,-76.41031233049603,-0.006995038672187093,-4.389453037793781,-0.005688988511053594,-3.5698941881632837,ok
Geometry 5,1.1,-308.6244233164062,-232.2087633858664,-76.40930883540025,-232.20901898762557,-76.41001960212321,-0.006351095139535801,-3.9853723703340664,-0.005384726657410965,-3.378966992425733,ok
Geometry 6,1.25,-308.6225455461688,-232.2087633858664,-76.40930883540283,-232.20892879883908,-76.40952736348126,-0.004473324899564091,-2.807053754756565,-0.004089383848452144,-2.5661271077263,ok
Geometry 7,1.5,-308.620557180256,-232.2087633858664,-76.40930883538486,-232.20886765636413,-76.40932941888235,-0.0024849590047466563,-1.5593353179801377,-0.002360105009529434,-1.48098825311458,ok
Geometry 8,2.0,-308.6189520459202,-232.2087633858664,-76.40930883540835,-232.2087746714935,-76.40930876897616,-0.0008798246454375658,-0.5520983004707634,-0.0008686054505346874,-0.5450581493785547,ok
