label,distance_A,E_dimer_Ha,E_benzene_raw_Ha,E_water_raw_Ha,E_benzene_CP_Ha,E_water_CP_Ha,E_int_raw_Ha,E_int_raw_kcal_mol,E_int_CP_Ha,E_int_CP_kcal_mol,status
Geometry 1,0.9,-308.52989162062454,-232.107326631949,-76.41732385014818,-232.1075045770005,-76.41747708552967,-0.005241138527352973,-3.2888640804603986,-0.0049099580943732235,-3.0810452211621837,ok
Geometry 2,0.95,-308.5305945310893,-232.107326631949,-76.41732385025864,-232.10748620354607,-76.4174593915357,-0.005944048881673325,-3.729946987169116,-0.005648936007546013,-3.5447608627548584,ok
Geometry 3,1.0,-308.530656131267,-232.107326631949,-76.41732385036646,-232.10747302836745,-76.41744314822087,-0.006005648951528997,-3.7686016146026122,-0.005739954678674053,-3.601875941198594,ok
Geometry 4,1.05,-308.53035653325946,-232.107326631949,-76.41732385016256,-232.10745434084265,-76.4174268065335,-0.005706051147896574,-3.580601154433675,-0.005475385883315198,-3.435856515586145,ok
Geometry 5,1.1,-308.5298875813005,-232.107326631949,-76.41732385019617,-232.10743822566465,-76.41741156956398,-0.005237099155323222,-3.286329336242719,-0.00503778607186689,-3.161258488081718,ok
Geometry 6,1.25,-308.52838101053595,-232.107326631949,-76.41732385026273,-232.10740888186305,-76.4173759904824,-0.003730528324211946,-2.3409418664683392,-0.003596138190502529,-2.256610784353554,ok
Geometry 7,1.5,-308.5267352727055,-232.107326631949,-76.41732384979237,-232.10737143125712,-76.41734545648255,-0.0020847909641048545,-1.30822608128539,-0.0020183849658081954,-1.2665556882238085,ok
Geometry 8,2.0,-308.52540540192933,-232.107326631949,-76.41732385029036,-232.10735458617137,-76.41733005314728,-0.0007549196899674371,-0.4737192575637095,-0.0007207626106833231,-0.45228536670875885,ok
