label,distance_A,E_dimer_Ha,E_benzene_raw_Ha,E_water_raw_Ha,E_benzene_CP_Ha,E_water_CP_Ha,E_int_raw_Ha,E_int_raw_kcal_mol,E_int_CP_Ha,E_int_CP_kcal_mol,status
Geometry 1,0.9,-308.5559832653343,-232.1370525503862,-76.41373985968671,-232.1372489879755,-76.41489531373522,-0.005190855261403726,-3.2573108546935847,-0.0038389636235791613,-2.4089860441372934,ok
Geometry 2,0.95,-308.5565080809583,-232.1370525503862,-76.41373985970195,-232.1372294834749,-76.41471657208838,-0.005715670870145573,-3.5866376212821702,-0.0045620253950033884,-2.8627141559932183,ok
Geometry 3,1.0,-308.556451184752,-232.1370525503862,-76.41373985972139,-232.1372141253905,-76.4145510843968,-0.005658774644430764,-3.5509347006112857,-0.004685974964701245,-2.9404936852768464,ok
Geometry 4,1.05,-308.55609732424375,-232.1370525503862,-76.41373985968742,-232.13720119726437,-76.41439974768657,-0.005304914170139341,-3.3288839005192843,-0.004496379292802999,-2.8215206049313015,ok
Geometry 5,1.1,-308.5556183835448,-232.1370525503862,-76.41373985969607,-232.13718797070936,-76.41426491761409,-0.0048259734625588635,-3.028344069028271,-0.0041654952213576735,-2.613887715303667,ok
Geometry 6,1.25,-308.5541937026922,-232.1370525503862,-76.41373985970324,-232.13713398218135,-76.41396885349585,-0.0034012926027742196,-2.1343433320869414,-0.0030908670150040507,-1.9395483347891418,ok
Geometry 7,1.5,-308.552672366073,-232.1370525503862,-76.41373985968397,-232.1370755423911,-76.4137732685055,-0.001879956002852623,-1.179690202493192,-0.0018235551764149704,-1.1442981495621352,ok
Geometry 8,2.0,-308.5514663789936,-232.1370525503862,-76.41373985970925,-232.13705844727005,-76.4137369720608,-0.000673968898169619,-0.42292186878277716,-0.0006709596627558767,-0.42103354505115753,ok
