label,distance_A,E_dimer_Ha,E_benzene_raw_Ha,E_water_raw_Ha,E_benzene_CP_Ha,E_water_CP_Ha,E_int_raw_Ha,E_int_raw_kcal_mol,E_int_CP_Ha,E_int_CP_kcal_mol,status
Geometry 1,0.9,-308.6827095113129,-232.24170546599902,-76.43482173123928,-232.2418357667893,-76.43648042764707,-0.00618231407460712,-3.8794606530595104,-0.004393316876530662,-2.7568479623070785,ok
Geometry 2,0.95,-308.683274971967,-232.24170546599902,-76.43482173125439,-232.24182322358405,-76.436249151533,-0.00674777471361665,-4.234292561212085,-0.005202596849969154,-3.2646788127582007,ok
Geometry 3,1.0,-308.6831959628208,-232.24170546599902,-76.43482173127408,-232.24181412178527,-76.43602663759253,-0.006668765547672706,-4.1847135610494215,-0.0053552034429742434,-3.360440895663756,ok
Geometry 4,1.05,-308.68277414671843,-232.24170546599902,-76.43482173124006,-232.24180730667237,-76.43581666089524,-0.006246949479347563,-3.920019981889963,-0.00515017915081728,-3.231786209935118,ok
Geometry 5,1.1,-308.6821969080324,-232.24170546599902,-76.43482173124883,-232.24180080135386,-76.43562461487967,-0.005669710784530935,-3.557797232133134,-0.004771491798848615,-2.994156308890808,ok
Geometry 6,1.25,-308.6804390327042,-232.24170546599902,-76.43482173125578,-232.24177190150175,-76.43518624567763,-0.00391183544941498,-2.4547138052369473,-0.003480885524837163,-2.184288644744782,ok
Geometry 7,1.5,-308.6785891781015,-232.24170546599902,-76.43482173123655,-232.24174260156957,-76.43487933514785,-0.0020619808659319006,-1.2939125285789914,-0.0019672413840794434,-1.2344626061547235,ok
Geometry 8,2.0,-308.67723843295556,-232.24170546599902,-76.43482173126185,-232.2417200169446,-76.4348189540991,-0.0007112356946947784,-0.44630713666794497,-0.0006994619118501078,-0.43891897638809546,ok
