label,distance_A,E_dimer_Ha,E_benzene_raw_Ha,E_water_raw_Ha,E_benzene_CP_Ha,E_water_CP_Ha,E_int_raw_Ha,E_int_raw_kcal_mol,E_int_CP_Ha,E_int_CP_kcal_mol,status
Geometry 1,0.9,-308.56133498530403,-232.1389604042274,-76.41790036789547,-232.13927885053994,-76.41804612604678,-0.004474213181168807,-2.8076111598791047,-0.004010008717315827,-2.5163184609382694,ok
Geometry 2,0.95,-308.5619767307057,-232.1389604042274,-76.41790036800688,-232.13925324841946,-76.41802851361133,-0.005115958471407112,-3.2103124093985205,-0.004694968674883171,-2.9461373236224153,ok
Geometry 3,1.0,-308.56202277086334,-232.1389604042274,-76.41790036811528,-232.1392327263362,-76.41801320185023,-0.005161998520662792,-3.2392029764898864,-0.004776842676918136,-2.9975140355736514,ok
Geometry 4,1.05,-308.5617440548665,-232.1389604042274,-76.41790036790921,-232.1392066653902,-76.41799832081375,-0.0048832827298923576,-3.0643061772280373,-0.004539068662552381,-2.848308588888128,ok
Geometry 5,1.1,-308.5613232903292,-232.1389604042274,-76.4179003679425,-232.13918326167482,-76.41798475458907,-0.0044625181593147545,-2.8002724228670495,-0.004155274065311687,-2.6074738430495783,ok
Geometry 6,1.25,-308.5600384475877,-232.1389604042274,-76.41790036801066,-232.13913130494765,-76.4179540913481,-0.003177675349661513,-1.994021387208862,-0.0029530512919677676,-1.853067662917714,ok
Geometry 7,1.5,-308.5586870012649,-232.1389604042274,-76.41790036753977,-232.13904298500876,-76.41792941499398,-0.001826229497737586,-1.1459763115285966,-0.0017146012621651607,-1.075928536140996,ok
Geometry 8,2.0,-308.5575588164107,-232.1389604042274,-76.41790036803759,-232.13900165242427,-76.41791401381076,-0.0006980441456931885,-0.43802931469271206,-0.0006431501756480884,-0.40358282842393955,ok
